{
  "cpu": {
    "times": {
      "v1 (pre-fix)": [
        18.388541997410357,
        29.267125006299466,
        44.3310830014525,
        48.04262499965262,
        69.55529200058663,
        81.10429099906469
      ],
      "v1.5 (conv. fix only)": [
        33.16149999591289,
        50.70525000337511,
        76.08216699736658,
        82.55183300207136,
        127.263458998641,
        151.09354099695338
      ],
      "v2 (this PR)": [
        9.365833000629209,
        17.524457995023113,
        27.628667005046736,
        38.07195900299121,
        58.19541699747788,
        79.6090420044493
      ],
      "torch.lobpcg": [
        14.499291995889507,
        28.599958000995684,
        28.114249995269347,
        31.287667006836273,
        74.60070899833227,
        65.25733300077263
      ]
    },
    "errs": {
      "v1 (pre-fix)": [
        6.515131474316149e-07,
        1.3433200933832268e-06,
        2.619251290525426e-06,
        3.241902334139013e-06,
        7.852753583392769e-06,
        1.4438287507800851e-05
      ],
      "v1.5 (conv. fix only)": [
        4.689582056016661e-13,
        1.1937117960769683e-12,
        7.44648787076585e-12,
        2.5352164811920375e-11,
        5.2295945351943374e-11,
        1.2141754268668592e-10
      ],
      "v2 (this PR)": [
        3.979039320256561e-13,
        1.3642420526593924e-12,
        7.44648787076585e-12,
        2.580691216280684e-11,
        5.2295945351943374e-11,
        1.2300915841478854e-10
      ],
      "torch.lobpcg": [
        4.177991286269389e-12,
        3.927880243281834e-11,
        3.7067593439132906e-10,
        1.8059154172078706e-10,
        2.7814621716970578e-09,
        5.273250280879438e-09
      ]
    },
    "sizes": [
      200,
      400,
      700,
      1000,
      1500,
      2000
    ]
  },
  "mps": {
    "times": {
      "v1 (pre-fix)": [
        481.4133750041947,
        457.6861249952344,
        472.4614580045454,
        492.12850000185426,
        509.7950419949484,
        479.67262499878416
      ],
      "v1.5 (conv. fix only)": [
        422.9007080066367,
        509.4717079991824,
        550.4575829982059,
        629.5714160005446,
        617.6893329975428,
        680.1515000042855
      ],
      "v2 (this PR)": [
        28.616042000066955,
        36.68725000170525,
        41.60145800415194,
        51.439167000353336,
        67.29966700368095,
        86.8521249940386
      ]
    },
    "errs": {
      "v1 (pre-fix)": [
        0.0006011243705330571,
        0.0005704791200855652,
        0.0021206784382457045,
        0.006972973359665957,
        0.0045415061883886665,
        0.026737848536527054
      ],
      "v1.5 (conv. fix only)": [
        7.145793570373371e-05,
        0.00019028678835297796,
        0.0010830807819957045,
        0.0008084225784159571,
        0.003958422515779603,
        0.006705004555215055
      ],
      "v2 (this PR)": [
        0.00010960490835998371,
        0.00010700618892656166,
        0.0007779050007457045,
        0.001174633515915957,
        0.0034701412657796027,
        0.005334963222139777
      ]
    },
    "sizes": [
      200,
      400,
      700,
      1000,
      1500,
      2000
    ]
  }
}