{
  "cpu": {
    "times": {
      "v1 (pre-fix)": [
        45.50129998824559,
        63.55329998768866,
        84.73400000366382,
        103.34520001197234,
        142.26829999824986,
        159.68949999660254
      ],
      "v1.5 (conv. fix only)": [
        101.21329998946749,
        119.89960001665168,
        144.79179997579195,
        160.92299998854287,
        290.63989999121986,
        287.6434000208974
      ],
      "v2 (this PR)": [
        9.8883000027854,
        17.037400015396997,
        29.8602000111714,
        32.75990000111051,
        62.283100007334724,
        76.75799998105504
      ],
      "torch.lobpcg": [
        28.07349999784492,
        57.44330000015907,
        61.04330002563074,
        62.247299996670336,
        184.72360001760535,
        175.05520000122488
      ]
    },
    "errs": {
      "v1 (pre-fix)": [
        6.515133463835809e-07,
        1.3433201502266456e-06,
        2.6192506084044e-06,
        3.2419020499219187e-06,
        7.852753810766444e-06,
        1.443829853542411e-05
      ],
      "v1.5 (conv. fix only)": [
        3.836930773104541e-13,
        1.3642420526593924e-12,
        7.048583938740194e-12,
        2.4499513529008254e-11,
        4.922640073345974e-11,
        1.2937562132719904e-10
      ],
      "v2 (this PR)": [
        6.252776074688882e-13,
        1.3358203432289883e-12,
        6.480149750132114e-12,
        2.4840574042173102e-11,
        4.7634785005357116e-11,
        1.3039880286669359e-10
      ],
      "torch.lobpcg": [
        7.631228982063476e-12,
        4.035882739117369e-11,
        3.738591658475343e-10,
        1.7888623915496282e-10,
        2.771912477328442e-09,
        5.2659743232652545e-09
      ]
    },
    "sizes": [
      200,
      400,
      700,
      1000,
      1500,
      2000
    ]
  },
  "cuda": {
    "times": {
      "v1 (pre-fix)": [
        178.59639998641796,
        192.8100999793969,
        229.07189998659305,
        273.72700002160855,
        293.61690001678653,
        297.5097000016831
      ],
      "v1.5 (conv. fix only)": [
        243.2769000006374,
        343.28780000214465,
        375.88310000137426,
        439.2607999907341,
        564.7356000263244,
        542.9182999941986
      ],
      "v2 (this PR)": [
        60.011699999449775,
        80.27860001311637,
        85.55629997863434,
        109.55100000137463,
        113.59139997512102,
        124.28460002411157
      ],
      "torch.lobpcg": [
        115.76039998908527,
        310.8326999936253,
        171.30050002015196,
        233.99209999479353,
        392.4606000073254,
        372.9485999792814
      ]
    },
    "errs": {
      "v1 (pre-fix)": [
        1.890721961217423e-07,
        1.7071902220777702e-06,
        2.0609966213669395e-06,
        5.829460690165433e-06,
        6.6942617422682815e-06,
        1.1341482604620978e-05
      ],
      "v1.5 (conv. fix only)": [
        2.5579538487363607e-13,
        1.9042545318370685e-12,
        5.059064278611913e-12,
        2.4442670110147446e-11,
        6.957634468562901e-11,
        8.185452315956354e-11
      ],
      "v2 (this PR)": [
        2.984279490192421e-13,
        2.0463630789890885e-12,
        5.4569682106375694e-12,
        2.467004378559068e-11,
        6.969003152335063e-11,
        8.219558367272839e-11
      ],
      "torch.lobpcg": [
        4.348521542851813e-12,
        6.073719305277336e-11,
        1.4028955774847418e-10,
        1.97189820028143e-10,
        9.093810149352066e-10,
        8.677716323290952e-10
      ]
    },
    "sizes": [
      200,
      400,
      700,
      1000,
      1500,
      2000
    ]
  }
}