{
  "cpu": {
    "times": {
      "v1 (pre-fix)": [
        18.172459000197705,
        29.157208002288826,
        39.29562499979511,
        55.2828750005574,
        69.53429200075334,
        80.5792500032112
      ],
      "v1.5 (conv. fix only)": [
        33.32587500335649,
        50.14962499990361,
        69.11583300097845,
        93.00254200206837,
        126.8629160040291,
        151.5327909946791
      ],
      "v2 (this PR)": [
        8.836958004394546,
        17.106041996157728,
        27.831584004161414,
        37.77783300029114,
        58.21295799978543,
        79.75050000095507
      ],
      "torch.lobpcg": [
        12.717833000351675,
        26.572125003440306,
        28.014499999699183,
        31.143833002715837,
        74.978666001698,
        65.66287500027101
      ]
    },
    "errs": {
      "v1 (pre-fix)": [
        6.515131474316149e-07,
        1.3433200933832268e-06,
        2.619251290525426e-06,
        3.241902334139013e-06,
        7.852753583392769e-06,
        1.4438287507800851e-05
      ],
      "v1.5 (conv. fix only)": [
        4.689582056016661e-13,
        1.1937117960769683e-12,
        7.44648787076585e-12,
        2.5352164811920375e-11,
        5.2295945351943374e-11,
        1.2141754268668592e-10
      ],
      "v2 (this PR)": [
        3.979039320256561e-13,
        1.3642420526593924e-12,
        7.44648787076585e-12,
        2.580691216280684e-11,
        5.2295945351943374e-11,
        1.2300915841478854e-10
      ],
      "torch.lobpcg": [
        3.467448550509289e-12,
        3.927880243281834e-11,
        3.7067593439132906e-10,
        1.8059154172078706e-10,
        2.7814621716970578e-09,
        5.273250280879438e-09
      ]
    },
    "sizes": [
      200,
      400,
      700,
      1000,
      1500,
      2000
    ]
  },
  "mps": {
    "times": {
      "v1 (pre-fix)": [
        7037.205624998023,
        7039.493417003541,
        7395.218375000695,
        7518.155792000471,
        7611.900790994696,
        7942.745375003142
      ],
      "v1.5 (conv. fix only)": [
        6738.743292000436,
        6920.386167003016,
        7260.342708003009,
        7380.238457997621,
        7463.566792001075,
        7785.814208997181
      ],
      "v2 (this PR)": [
        701.7471250001108,
        1000.5182500026422,
        1604.3673749954905,
        2739.9144580049324,
        6275.472249995801,
        12469.103292001819
      ]
    },
    "errs": {
      "v1 (pre-fix)": [
        3.654917522055712e-05,
        0.00012797423727306523,
        0.0006479886132524371,
        0.0006558346877909571,
        0.0007139051044759981,
        0.0012021863578866032
      ],
      "v1.5 (conv. fix only)": [
        3.654917522055712e-05,
        0.00012797423727306523,
        0.0006479886132524371,
        0.0006558346877909571,
        0.0007139051044759981,
        0.0012021863578866032
      ],
      "v2 (this PR)": [
        3.3236250530421785e-05,
        8.675800808077838e-05,
        5.391568362256294e-05,
        0.0001986574997090429,
        0.0001786553746114805,
        0.000601488930215055
      ]
    },
    "sizes": [
      200,
      400,
      700,
      1000,
      1500,
      2000
    ]
  }
}